{
	"textures": {
		"particle": "dm:item/flame_turret/flame_turret"
	},
	"elements": [
		{
			"from": [6.40699, 6.40699, 7.20349],
			"to": [9.59301, 9.59301, 8.79651],
			"light_emission": 0,
			"faces": {
				"north": {
					"uv": [5.25, 11.75, 5.75, 12.25],
					"texture": "#particle"
				},
				"east": {
					"uv": [5, 11.75, 5.25, 12.25],
					"texture": "#particle"
				},
				"south": {
					"uv": [6, 11.75, 6.5, 12.25],
					"texture": "#particle"
				},
				"west": {
					"uv": [5.75, 11.75, 6, 12.25],
					"texture": "#particle"
				},
				"up": {
					"uv": [5.75, 11.75, 5.25, 11.5],
					"texture": "#particle"
				},
				"down": {
					"uv": [6.25, 11.5, 5.75, 11.75],
					"texture": "#particle"
				}
			}
		}
	],
	"display": {
		"thirdperson_righthand": {
			"rotation": [0, 0, 0],
			"translation": [0, 2.89, -2.42],
			"scale": [0.30132, 0.30132, 0.30132]
		},
		"thirdperson_lefthand": {
			"rotation": [0, 0, 0],
			"translation": [0, 2.89, -2.42],
			"scale": [0.30132, 0.30132, 0.30132]
		},
		"firstperson_righthand": {
			"rotation": [0, 0, 0],
			"translation": [-4, 5.75, 2],
			"scale": [0.31387, 0.31387, 0.31387]
		},
		"firstperson_lefthand": {
			"rotation": [0, 0, 0],
			"translation": [-4, 5.75, 2],
			"scale": [0.31387, 0.31387, 0.31387]
		},
		"ground": {
			"rotation": [0, 0, 0],
			"translation": [0, 3.625, -2],
			"scale": [0.31387, 0.31387, 0.31387]
		},
		"gui": {
			"rotation": [-157.5, 45, -180],
			"translation": [-1.76777, 0.99934, 2.94868],
			"scale": [0.39234, 0.39234, 0.39234]
		},
		"head": {
			"rotation": [0, 0, 0],
			"translation": [0, 11, -2],
			"scale": [0.31387, 0.31387, 0.31387]
		},
		"fixed": {
			"rotation": [-90, 0, 0],
			"translation": [0, -5, -12.375],
			"scale": [0.78468, 0.78468, 0.78468]
		}
	}
}
