{
	"textures": {
		"particle": "dm:item/flame_turret/flame_turret"
	},
	"elements": [
		{
			"from": [7.60175, 6.80524, 7.60175],
			"to": [8.39825, 9.19476, 8.39825],
			"light_emission": 0,
			"faces": {
				"north": {
					"uv": [6.625, 11.625, 6.75, 12],
					"texture": "#particle"
				},
				"east": {
					"uv": [6.5, 11.625, 6.625, 12],
					"texture": "#particle"
				},
				"south": {
					"uv": [6.875, 11.625, 7, 12],
					"texture": "#particle"
				},
				"west": {
					"uv": [6.75, 11.625, 6.875, 12],
					"texture": "#particle"
				},
				"up": {
					"uv": [6.75, 11.625, 6.625, 11.5],
					"texture": "#particle"
				},
				"down": {
					"uv": [6.875, 11.5, 6.75, 11.625],
					"texture": "#particle"
				}
			}
		}
	],
	"display": {
		"thirdperson_righthand": {
			"rotation": [0, 0, 0],
			"translation": [0, 2.15632, -5.93338],
			"scale": [0.30132, 0.30132, 0.30132]
		},
		"thirdperson_lefthand": {
			"rotation": [0, 0, 0],
			"translation": [0, 2.15632, -5.93338],
			"scale": [0.30132, 0.30132, 0.30132]
		},
		"firstperson_righthand": {
			"rotation": [0, 0, 0],
			"translation": [-4, 4.98576, -1.65977],
			"scale": [0.31387, 0.31387, 0.31387]
		},
		"firstperson_lefthand": {
			"rotation": [0, 0, 0],
			"translation": [-4, 4.98576, -1.65977],
			"scale": [0.31387, 0.31387, 0.31387]
		},
		"ground": {
			"rotation": [0, 0, 0],
			"translation": [0, 2.86076, -5.65977],
			"scale": [0.31387, 0.31387, 0.31387]
		},
		"gui": {
			"rotation": [-157.5, 45, -180],
			"translation": [-5.00258, -1.12116, 5.57168],
			"scale": [0.39234, 0.39234, 0.39234]
		},
		"head": {
			"rotation": [0, 0, 0],
			"translation": [0, 10.23576, -5.65977],
			"scale": [0.31387, 0.31387, 0.31387]
		},
		"fixed": {
			"rotation": [-90, 0, 0],
			"translation": [0, -14.14943, -10.46439],
			"scale": [0.78468, 0.78468, 0.78468]
		}
	}
}
