{
	"textures": {
		"particle": "dm:item/flame_turret/flame_turret"
	},
	"elements": [
		{
			"from": [2.42445, 2.42445, 2.42445],
			"to": [13.57555, 13.57555, 13.57555],
			"light_emission": 0,
			"faces": {
				"north": {
					"uv": [1.75, 8.875, 3.5, 10.625],
					"texture": "#particle"
				},
				"east": {
					"uv": [0, 8.875, 1.75, 10.625],
					"texture": "#particle"
				},
				"south": {
					"uv": [5.25, 8.875, 7, 10.625],
					"texture": "#particle"
				},
				"west": {
					"uv": [3.5, 8.875, 5.25, 10.625],
					"texture": "#particle"
				},
				"up": {
					"uv": [3.5, 8.875, 1.75, 7.125],
					"texture": "#particle"
				},
				"down": {
					"uv": [5.25, 7.125, 3.5, 8.875],
					"texture": "#particle"
				}
			}
		}
	],
	"display": {
		"thirdperson_righthand": {
			"rotation": [0, 0, 0],
			"translation": [0, 2.65, -0.5],
			"scale": [0.30132, 0.30132, 0.30132]
		},
		"thirdperson_lefthand": {
			"rotation": [0, 0, 0],
			"translation": [0, 2.65, -0.5],
			"scale": [0.30132, 0.30132, 0.30132]
		},
		"firstperson_righthand": {
			"rotation": [0, 0, 0],
			"translation": [-4, 5.5, 4],
			"scale": [0.31387, 0.31387, 0.31387]
		},
		"firstperson_lefthand": {
			"rotation": [0, 0, 0],
			"translation": [-4, 5.5, 4],
			"scale": [0.31387, 0.31387, 0.31387]
		},
		"ground": {
			"rotation": [0, 0, 0],
			"translation": [0, 3.375, 0],
			"scale": [0.31387, 0.31387, 0.31387]
		},
		"gui": {
			"rotation": [-157.5, 45, -180],
			"translation": [0, 1.38712, 1.19589],
			"scale": [0.39234, 0.39234, 0.39234]
		},
		"head": {
			"rotation": [0, 0, 0],
			"translation": [0, 10.75, 0],
			"scale": [0.31387, 0.31387, 0.31387]
		},
		"fixed": {
			"rotation": [-90, 0, 0],
			"translation": [0, 0, -11.75],
			"scale": [0.78468, 0.78468, 0.78468]
		}
	}
}
