{
	"textures": {
		"particle": "dm:item/flame_turret/flame_turret"
	},
	"elements": [
		{
			"from": [4.01747, 7.20349, 4.01747],
			"to": [11.98253, 8.79651, 11.98253],
			"light_emission": 0,
			"faces": {
				"north": {
					"uv": [1.25, 11.875, 2.5, 12.125],
					"texture": "#particle"
				},
				"east": {
					"uv": [0, 11.875, 1.25, 12.125],
					"texture": "#particle"
				},
				"south": {
					"uv": [3.75, 11.875, 5, 12.125],
					"texture": "#particle"
				},
				"west": {
					"uv": [2.5, 11.875, 3.75, 12.125],
					"texture": "#particle"
				},
				"up": {
					"uv": [2.5, 11.875, 1.25, 10.625],
					"texture": "#particle"
				},
				"down": {
					"uv": [3.75, 10.625, 2.5, 11.875],
					"texture": "#particle"
				}
			}
		}
	],
	"display": {
		"thirdperson_righthand": {
			"rotation": [0, 0, 0],
			"translation": [0, 4.57, -0.5],
			"scale": [0.30132, 0.30132, 0.30132]
		},
		"thirdperson_lefthand": {
			"rotation": [0, 0, 0],
			"translation": [0, 4.57, -0.5],
			"scale": [0.30132, 0.30132, 0.30132]
		},
		"firstperson_righthand": {
			"rotation": [0, 0, 0],
			"translation": [-4, 7.5, 4],
			"scale": [0.31387, 0.31387, 0.31387]
		},
		"firstperson_lefthand": {
			"rotation": [0, 0, 0],
			"translation": [-4, 7.5, 4],
			"scale": [0.31387, 0.31387, 0.31387]
		},
		"ground": {
			"rotation": [0, 0, 0],
			"translation": [0, 5.375, 0],
			"scale": [0.31387, 0.31387, 0.31387]
		},
		"gui": {
			"rotation": [-157.5, 45, -180],
			"translation": [0, 3.69682, 2.15259],
			"scale": [0.39234, 0.39234, 0.39234]
		},
		"head": {
			"rotation": [0, 0, 0],
			"translation": [0, 12.75, 0],
			"scale": [0.31387, 0.31387, 0.31387]
		},
		"fixed": {
			"rotation": [-90, 0, 0],
			"translation": [0, 0, -16.75],
			"scale": [0.78468, 0.78468, 0.78468]
		}
	}
}
