{
	"textures": {
		"particle": "dm:item/flame_turret/flame_turret"
	},
	"elements": [
		{
			"from": [0, 3.5, 6.5],
			"to": [16, 12.5, 9.5],
			"light_emission": 0,
			"faces": {
				"north": {
					"uv": [11.625, 10.625, 13.625, 11.75],
					"texture": "#particle"
				},
				"east": {
					"uv": [11.25, 10.625, 11.625, 11.75],
					"texture": "#particle"
				},
				"south": {
					"uv": [14, 10.625, 16, 11.75],
					"texture": "#particle"
				},
				"west": {
					"uv": [13.625, 10.625, 14, 11.75],
					"texture": "#particle"
				},
				"up": {
					"uv": [13.625, 10.625, 11.625, 10.25],
					"texture": "#particle"
				},
				"down": {
					"uv": [15.625, 10.25, 13.625, 10.625],
					"texture": "#particle"
				}
			}
		}
	],
	"display": {
		"thirdperson_righthand": {
			"rotation": [-60, 0, 0],
			"translation": [0, -1.50608, 2.20746],
			"scale": [0.24, 0.24, 0.24]
		},
		"thirdperson_lefthand": {
			"rotation": [-60, 0, 0],
			"translation": [0, -1.50608, 2.20746],
			"scale": [0.24, 0.24, 0.24]
		},
		"firstperson_righthand": {
			"rotation": [-60, 0, 0],
			"translation": [-4, 3.17075, 6.82027],
			"scale": [0.25, 0.25, 0.25]
		},
		"firstperson_lefthand": {
			"rotation": [-60, 0, 0],
			"translation": [-4, 3.17075, 6.82027],
			"scale": [0.25, 0.25, 0.25]
		},
		"ground": {
			"rotation": [-60, 0, 0],
			"translation": [0, -0.95425, 2.82027],
			"scale": [0.25, 0.25, 0.25]
		},
		"gui": {
			"rotation": [-89.70765, 20.70481, 139.10661],
			"translation": [2.49279, -0.15855, -3.17807],
			"scale": [0.3125, 0.3125, 0.3125]
		},
		"head": {
			"rotation": [-60, 0, 0],
			"translation": [0, 6.42075, 2.82027],
			"scale": [0.25, 0.25, 0.25]
		},
		"fixed": {
			"rotation": [-150, 0, 0],
			"translation": [0, 7.05068, -0.42688],
			"scale": [0.625, 0.625, 0.625]
		}
	}
}
