{
	"textures": {
		"particle": "dm:item/flame_turret/flame_turret"
	},
	"elements": [
		{
			"from": [7.20349, 7.20349, 0.43319],
			"to": [8.79651, 8.79651, 15.56681],
			"light_emission": 0,
			"faces": {
				"north": {
					"uv": [10.375, 6.5, 10.625, 6.75],
					"texture": "#particle"
				},
				"east": {
					"uv": [8, 6.5, 10.375, 6.75],
					"texture": "#particle"
				},
				"south": {
					"uv": [13, 6.5, 13.25, 6.75],
					"texture": "#particle"
				},
				"west": {
					"uv": [10.625, 6.5, 13, 6.75],
					"texture": "#particle"
				},
				"up": {
					"uv": [10.625, 6.5, 10.375, 4.125],
					"texture": "#particle"
				},
				"down": {
					"uv": [10.875, 4.125, 10.625, 6.5],
					"texture": "#particle"
				}
			}
		}
	],
	"display": {
		"thirdperson_righthand": {
			"rotation": [0, 0, 0],
			"translation": [0, 2.89, -4.7],
			"scale": [0.30132, 0.30132, 0.30132]
		},
		"thirdperson_lefthand": {
			"rotation": [0, 0, 0],
			"translation": [0, 2.89, -4.7],
			"scale": [0.30132, 0.30132, 0.30132]
		},
		"firstperson_righthand": {
			"rotation": [0, 0, 0],
			"translation": [-4, 5.75, -0.375],
			"scale": [0.31387, 0.31387, 0.31387]
		},
		"firstperson_lefthand": {
			"rotation": [0, 0, 0],
			"translation": [-4, 5.75, -0.375],
			"scale": [0.31387, 0.31387, 0.31387]
		},
		"ground": {
			"rotation": [0, 0, 0],
			"translation": [0, 3.625, -4.375],
			"scale": [0.31387, 0.31387, 0.31387]
		},
		"gui": {
			"rotation": [-157.5, 45, -180],
			"translation": [-3.86699, 0.196, 4.88811],
			"scale": [0.39234, 0.39234, 0.39234]
		},
		"head": {
			"rotation": [0, 0, 0],
			"translation": [0, 11, -4.375],
			"scale": [0.31387, 0.31387, 0.31387]
		},
		"fixed": {
			"rotation": [-90, 0, 0],
			"translation": [0, -10.9375, -12.375],
			"scale": [0.78468, 0.78468, 0.78468]
		}
	}
}
