{
	"textures": {
		"particle": "dm:item/flame_turret/flame_turret"
	},
	"elements": [
		{
			"from": [6.80524, 6.80524, 7.60175],
			"to": [9.19476, 9.19476, 8.39825],
			"light_emission": 0,
			"faces": {
				"north": {
					"uv": [3.875, 12.25, 4.25, 12.625],
					"texture": "#particle"
				},
				"east": {
					"uv": [3.75, 12.25, 3.875, 12.625],
					"texture": "#particle"
				},
				"south": {
					"uv": [4.375, 12.25, 4.75, 12.625],
					"texture": "#particle"
				},
				"west": {
					"uv": [4.25, 12.25, 4.375, 12.625],
					"texture": "#particle"
				},
				"up": {
					"uv": [4.25, 12.25, 3.875, 12.125],
					"texture": "#particle"
				},
				"down": {
					"uv": [4.625, 12.125, 4.25, 12.25],
					"texture": "#particle"
				}
			}
		}
	],
	"display": {
		"thirdperson_righthand": {
			"rotation": [0, 0, 0],
			"translation": [0, 2.87632, -5.93338],
			"scale": [0.30132, 0.30132, 0.30132]
		},
		"thirdperson_lefthand": {
			"rotation": [0, 0, 0],
			"translation": [0, 2.87632, -5.93338],
			"scale": [0.30132, 0.30132, 0.30132]
		},
		"firstperson_righthand": {
			"rotation": [0, 0, 0],
			"translation": [-4, 5.73576, -1.65977],
			"scale": [0.31387, 0.31387, 0.31387]
		},
		"firstperson_lefthand": {
			"rotation": [0, 0, 0],
			"translation": [-4, 5.73576, -1.65977],
			"scale": [0.31387, 0.31387, 0.31387]
		},
		"ground": {
			"rotation": [0, 0, 0],
			"translation": [0, 3.61076, -5.65977],
			"scale": [0.31387, 0.31387, 0.31387]
		},
		"gui": {
			"rotation": [-157.5, 45, -180],
			"translation": [-5.00258, -0.25502, 5.93044],
			"scale": [0.39234, 0.39234, 0.39234]
		},
		"head": {
			"rotation": [0, 0, 0],
			"translation": [0, 10.98576, -5.65977],
			"scale": [0.31387, 0.31387, 0.31387]
		},
		"fixed": {
			"rotation": [-90, 0, 0],
			"translation": [0, -14.14943, -12.33939],
			"scale": [0.78468, 0.78468, 0.78468]
		}
	}
}
