{
	"textures": {
		"particle": "dm:item/flame_turret/flame_turret"
	},
	"elements": [
		{
			"from": [1.62795, 4.41572, 6.80524],
			"to": [14.37205, 11.58428, 9.19476],
			"light_emission": 0,
			"faces": {
				"north": {
					"uv": [11.625, 10.625, 13.625, 11.75],
					"texture": "#particle"
				},
				"east": {
					"uv": [11.25, 10.625, 11.625, 11.75],
					"texture": "#particle"
				},
				"south": {
					"uv": [14, 10.625, 16, 11.75],
					"texture": "#particle"
				},
				"west": {
					"uv": [13.625, 10.625, 14, 11.75],
					"texture": "#particle"
				},
				"up": {
					"uv": [13.625, 10.625, 11.625, 10.25],
					"texture": "#particle"
				},
				"down": {
					"uv": [15.625, 10.25, 13.625, 10.625],
					"texture": "#particle"
				}
			}
		}
	],
	"display": {
		"thirdperson_righthand": {
			"rotation": [-60, 0, 0],
			"translation": [0, -1.50608, 2.20746],
			"scale": [0.30132, 0.30132, 0.30132]
		},
		"thirdperson_lefthand": {
			"rotation": [-60, 0, 0],
			"translation": [0, -1.50608, 2.20746],
			"scale": [0.30132, 0.30132, 0.30132]
		},
		"firstperson_righthand": {
			"rotation": [-60, 0, 0],
			"translation": [-4, 1.17075, 6.82027],
			"scale": [0.31387, 0.31387, 0.31387]
		},
		"firstperson_lefthand": {
			"rotation": [-60, 0, 0],
			"translation": [-4, 1.17075, 6.82027],
			"scale": [0.31387, 0.31387, 0.31387]
		},
		"ground": {
			"rotation": [-60, 0, 0],
			"translation": [0, -0.95425, 2.82027],
			"scale": [0.31387, 0.31387, 0.31387]
		},
		"gui": {
			"rotation": [-89.70765, 20.70481, 139.10661],
			"translation": [2.49279, -2.65855, -3.17807],
			"scale": [0.39234, 0.39234, 0.39234]
		},
		"head": {
			"rotation": [-60, 0, 0],
			"translation": [0, 6.42075, 2.82027],
			"scale": [0.31387, 0.31387, 0.31387]
		},
		"fixed": {
			"rotation": [-150, 0, 0],
			"translation": [0, 7.05068, -0.92688],
			"scale": [0.78468, 0.78468, 0.78468]
		}
	}
}
