{
	"textures": {
		"particle": "dm:item/flame_turret/flame_turret"
	},
	"elements": [
		{
			"from": [7.60175, 6.80524, 2.42445],
			"to": [8.39825, 9.19476, 13.57555],
			"light_emission": 0,
			"faces": {
				"north": {
					"uv": [13.5, 13.5, 13.625, 13.875],
					"texture": "#particle"
				},
				"east": {
					"uv": [11.75, 13.5, 13.5, 13.875],
					"texture": "#particle"
				},
				"south": {
					"uv": [15.375, 13.5, 15.5, 13.875],
					"texture": "#particle"
				},
				"west": {
					"uv": [13.625, 13.5, 15.375, 13.875],
					"texture": "#particle"
				},
				"up": {
					"uv": [13.625, 13.5, 13.5, 11.75],
					"texture": "#particle"
				},
				"down": {
					"uv": [13.75, 11.75, 13.625, 13.5],
					"texture": "#particle"
				}
			}
		}
	],
	"display": {
		"thirdperson_righthand": {
			"rotation": [0, 0, -20],
			"translation": [-1.68411, 1.02725, -0.5],
			"scale": [0.30132, 0.30132, 0.30132]
		},
		"thirdperson_lefthand": {
			"rotation": [0, 0, -20],
			"translation": [-1.68411, 1.02725, -0.5],
			"scale": [0.30132, 0.30132, 0.30132]
		},
		"firstperson_righthand": {
			"rotation": [0, 0, -20],
			"translation": [-5.75428, 3.80963, 4],
			"scale": [0.31387, 0.31387, 0.31387]
		},
		"firstperson_lefthand": {
			"rotation": [0, 0, -20],
			"translation": [-5.75428, 3.80963, 4],
			"scale": [0.31387, 0.31387, 0.31387]
		},
		"ground": {
			"rotation": [0, 0, -20],
			"translation": [-1.75428, 1.68463, 0],
			"scale": [0.31387, 0.31387, 0.31387]
		},
		"gui": {
			"rotation": [-157.5, 45, 160],
			"translation": [1.55058, -1.15838, 1.81984],
			"scale": [0.39234, 0.39234, 0.39234]
		},
		"head": {
			"rotation": [0, 0, -20],
			"translation": [-1.75428, 9.05963, 0],
			"scale": [0.31387, 0.31387, 0.31387]
		},
		"fixed": {
			"rotation": [-90, 0, -20],
			"translation": [-4.3857, 0, -7.52408],
			"scale": [0.78468, 0.78468, 0.78468]
		}
	}
}
