{
	"textures": {
		"particle": "dm:item/missile_turret/missile_turret"
	},
	"elements": [
		{
			"from": [4.71774, 7.17943, -0.61594],
			"to": [11.28226, 8.82057, 16.61594],
			"light_emission": 0,
			"faces": {
				"north": {
					"uv": [4.6875, 2.6875, 5.1875, 2.8125],
					"texture": "#particle"
				},
				"east": {
					"uv": [3.375, 2.6875, 4.6875, 2.8125],
					"texture": "#particle"
				},
				"south": {
					"uv": [6.5, 2.6875, 7, 2.8125],
					"texture": "#particle"
				},
				"west": {
					"uv": [5.1875, 2.6875, 6.5, 2.8125],
					"texture": "#particle"
				},
				"up": {
					"uv": [5.1875, 2.6875, 4.6875, 1.375],
					"texture": "#particle"
				},
				"down": {
					"uv": [5.6875, 1.375, 5.1875, 2.6875],
					"texture": "#particle"
				}
			}
		}
	],
	"display": {
		"thirdperson_righthand": {
			"rotation": [0, 0, 0],
			"translation": [0, -0.11, 0.38],
			"scale": [0.29248, 0.29248, 0.29248]
		},
		"thirdperson_lefthand": {
			"rotation": [0, 0, 0],
			"translation": [0, -0.11, 0.38],
			"scale": [0.29248, 0.29248, 0.29248]
		},
		"firstperson_righthand": {
			"rotation": [0, 0, 0],
			"translation": [-4, 4.75, 3.875],
			"scale": [0.30467, 0.30467, 0.30467]
		},
		"firstperson_lefthand": {
			"rotation": [0, 0, 0],
			"translation": [-4, 4.75, 3.875],
			"scale": [0.30467, 0.30467, 0.30467]
		},
		"ground": {
			"rotation": [0, 0, 0],
			"translation": [0, 3.625, -0.125],
			"scale": [0.30467, 0.30467, 0.30467]
		},
		"gui": {
			"rotation": [-157.5, 45, -180],
			"translation": [-0.11049, 0.88355, 1.41755],
			"scale": [0.38084, 0.38084, 0.38084]
		},
		"head": {
			"rotation": [0, 0, 0],
			"translation": [0, 11, -0.125],
			"scale": [0.30467, 0.30467, 0.30467]
		},
		"fixed": {
			"rotation": [-90, 0, 0],
			"translation": [0, -0.3125, -11.875],
			"scale": [0.76167, 0.76167, 0.76167]
		}
	}
}
