{
	"textures": {
		"particle": "dm:item/missile_turret/missile_turret"
	},
	"elements": [
		{
			"from": [4.71774, 3.89717, 0.20463],
			"to": [11.28226, 12.10283, 15.79537],
			"light_emission": 0,
			"faces": {
				"north": {
					"uv": [1.1875, 2.5625, 1.6875, 3.1875],
					"texture": "#particle"
				},
				"east": {
					"uv": [0, 2.5625, 1.1875, 3.1875],
					"texture": "#particle"
				},
				"south": {
					"uv": [2.875, 2.5625, 3.375, 3.1875],
					"texture": "#particle"
				},
				"west": {
					"uv": [1.6875, 2.5625, 2.875, 3.1875],
					"texture": "#particle"
				},
				"up": {
					"uv": [1.6875, 2.5625, 1.1875, 1.375],
					"texture": "#particle"
				},
				"down": {
					"uv": [2.1875, 1.375, 1.6875, 2.5625],
					"texture": "#particle"
				}
			}
		}
	],
	"display": {
		"thirdperson_righthand": {
			"rotation": [0, 0, 0],
			"translation": [0, 1.33, 0.38],
			"scale": [0.29248, 0.29248, 0.29248]
		},
		"thirdperson_lefthand": {
			"rotation": [0, 0, 0],
			"translation": [0, 1.33, 0.38],
			"scale": [0.29248, 0.29248, 0.29248]
		},
		"firstperson_righthand": {
			"rotation": [0, 0, 0],
			"translation": [-4, 6.25, 3.875],
			"scale": [0.30467, 0.30467, 0.30467]
		},
		"firstperson_lefthand": {
			"rotation": [0, 0, 0],
			"translation": [-4, 6.25, 3.875],
			"scale": [0.30467, 0.30467, 0.30467]
		},
		"ground": {
			"rotation": [0, 0, 0],
			"translation": [0, 5.125, -0.125],
			"scale": [0.30467, 0.30467, 0.30467]
		},
		"gui": {
			"rotation": [-157.5, 45, -180],
			"translation": [-0.11049, 2.61583, 2.13508],
			"scale": [0.38084, 0.38084, 0.38084]
		},
		"head": {
			"rotation": [0, 0, 0],
			"translation": [0, 12.5, -0.125],
			"scale": [0.30467, 0.30467, 0.30467]
		},
		"fixed": {
			"rotation": [-90, 0, 0],
			"translation": [0, -0.3125, -15.625],
			"scale": [0.76167, 0.76167, 0.76167]
		}
	}
}
