{
	"textures": {
		"particle": "dm:item/missile_turret/missile_turret"
	},
	"elements": [
		{
			"from": [7.58972, 3.89717, -0.61594],
			"to": [8.41028, 12.10283, 16.61594],
			"light_emission": 0,
			"faces": {
				"north": {
					"uv": [6.8125, 7.25, 6.875, 7.875],
					"texture": "#particle"
				},
				"east": {
					"uv": [5.5, 7.25, 6.8125, 7.875],
					"texture": "#particle"
				},
				"south": {
					"uv": [8.1875, 7.25, 8.25, 7.875],
					"texture": "#particle"
				},
				"west": {
					"uv": [6.875, 7.25, 8.1875, 7.875],
					"texture": "#particle"
				},
				"up": {
					"uv": [6.875, 7.25, 6.8125, 5.9375],
					"texture": "#particle"
				},
				"down": {
					"uv": [6.9375, 5.9375, 6.875, 7.25],
					"texture": "#particle"
				}
			}
		}
	],
	"display": {
		"thirdperson_righthand": {
			"rotation": [0, 0, 0],
			"translation": [-1.32, 1.33, 0.38],
			"scale": [0.29248, 0.29248, 0.29248]
		},
		"thirdperson_lefthand": {
			"rotation": [0, 0, 0],
			"translation": [-1.32, 1.33, 0.38],
			"scale": [0.29248, 0.29248, 0.29248]
		},
		"firstperson_righthand": {
			"rotation": [0, 0, 0],
			"translation": [-5.375, 6.25, 3.875],
			"scale": [0.30467, 0.30467, 0.30467]
		},
		"firstperson_lefthand": {
			"rotation": [0, 0, 0],
			"translation": [-5.375, 6.25, 3.875],
			"scale": [0.30467, 0.30467, 0.30467]
		},
		"ground": {
			"rotation": [0, 0, 0],
			"translation": [-1.375, 5.125, -0.125],
			"scale": [0.30467, 0.30467, 0.30467]
		},
		"gui": {
			"rotation": [-157.5, 45, -180],
			"translation": [1.10485, 2.15074, 3.25791],
			"scale": [0.38084, 0.38084, 0.38084]
		},
		"head": {
			"rotation": [0, 0, 0],
			"translation": [-1.375, 12.5, -0.125],
			"scale": [0.30467, 0.30467, 0.30467]
		},
		"fixed": {
			"rotation": [-90, 0, 0],
			"translation": [-3.4375, -0.3125, -15.625],
			"scale": [0.76167, 0.76167, 0.76167]
		}
	}
}
