{
	"textures": {
		"particle": "dm:item/missile_turret/missile_turret"
	},
	"elements": [
		{
			"from": [7.58972, 3.07661, -0.61594],
			"to": [8.41028, 12.92339, 16.61594],
			"light_emission": 0,
			"faces": {
				"north": {
					"uv": [1.3125, 7.25, 1.375, 8],
					"texture": "#particle"
				},
				"east": {
					"uv": [0, 7.25, 1.3125, 8],
					"texture": "#particle"
				},
				"south": {
					"uv": [2.6875, 7.25, 2.75, 8],
					"texture": "#particle"
				},
				"west": {
					"uv": [1.375, 7.25, 2.6875, 8],
					"texture": "#particle"
				},
				"up": {
					"uv": [1.375, 7.25, 1.3125, 5.9375],
					"texture": "#particle"
				},
				"down": {
					"uv": [1.4375, 5.9375, 1.375, 7.25],
					"texture": "#particle"
				}
			}
		}
	],
	"display": {
		"thirdperson_righthand": {
			"rotation": [0, 0, 0],
			"translation": [-1.08, 1.33, 0.38],
			"scale": [0.29248, 0.29248, 0.29248]
		},
		"thirdperson_lefthand": {
			"rotation": [0, 0, 0],
			"translation": [-1.08, 1.33, 0.38],
			"scale": [0.29248, 0.29248, 0.29248]
		},
		"firstperson_righthand": {
			"rotation": [0, 0, 0],
			"translation": [-5.125, 6.25, 3.875],
			"scale": [0.30467, 0.30467, 0.30467]
		},
		"firstperson_lefthand": {
			"rotation": [0, 0, 0],
			"translation": [-5.125, 6.25, 3.875],
			"scale": [0.30467, 0.30467, 0.30467]
		},
		"ground": {
			"rotation": [0, 0, 0],
			"translation": [-1.125, 5.125, -0.125],
			"scale": [0.30467, 0.30467, 0.30467]
		},
		"gui": {
			"rotation": [-157.5, 45, -180],
			"translation": [0.88388, 2.2353, 3.05376],
			"scale": [0.38084, 0.38084, 0.38084]
		},
		"head": {
			"rotation": [0, 0, 0],
			"translation": [-1.125, 12.5, -0.125],
			"scale": [0.30467, 0.30467, 0.30467]
		},
		"fixed": {
			"rotation": [-90, 0, 0],
			"translation": [-2.8125, -0.3125, -15.625],
			"scale": [0.76167, 0.76167, 0.76167]
		}
	}
}
