{
	"textures": {
		"particle": "dm:item/missile_turret/missile_turret"
	},
	"elements": [
		{
			"from": [7.58972, 3.07661, -0.61594],
			"to": [8.41028, 12.92339, 16.61594],
			"light_emission": 0,
			"faces": {
				"north": {
					"uv": [4.0625, 7.25, 4.125, 8],
					"texture": "#particle"
				},
				"east": {
					"uv": [2.75, 7.25, 4.0625, 8],
					"texture": "#particle"
				},
				"south": {
					"uv": [5.4375, 7.25, 5.5, 8],
					"texture": "#particle"
				},
				"west": {
					"uv": [4.125, 7.25, 5.4375, 8],
					"texture": "#particle"
				},
				"up": {
					"uv": [4.125, 7.25, 4.0625, 5.9375],
					"texture": "#particle"
				},
				"down": {
					"uv": [4.1875, 5.9375, 4.125, 7.25],
					"texture": "#particle"
				}
			}
		}
	],
	"display": {
		"thirdperson_righthand": {
			"rotation": [0, 0, 0],
			"translation": [1.08, 1.33, 0.38],
			"scale": [0.29248, 0.29248, 0.29248]
		},
		"thirdperson_lefthand": {
			"rotation": [0, 0, 0],
			"translation": [1.08, 1.33, 0.38],
			"scale": [0.29248, 0.29248, 0.29248]
		},
		"firstperson_righthand": {
			"rotation": [0, 0, 0],
			"translation": [-2.875, 6.25, 3.875],
			"scale": [0.30467, 0.30467, 0.30467]
		},
		"firstperson_lefthand": {
			"rotation": [0, 0, 0],
			"translation": [-2.875, 6.25, 3.875],
			"scale": [0.30467, 0.30467, 0.30467]
		},
		"ground": {
			"rotation": [0, 0, 0],
			"translation": [1.125, 5.125, -0.125],
			"scale": [0.30467, 0.30467, 0.30467]
		},
		"gui": {
			"rotation": [-157.5, 45, -180],
			"translation": [-1.10485, 2.99636, 1.2164],
			"scale": [0.38084, 0.38084, 0.38084]
		},
		"head": {
			"rotation": [0, 0, 0],
			"translation": [1.125, 12.5, -0.125],
			"scale": [0.30467, 0.30467, 0.30467]
		},
		"fixed": {
			"rotation": [-90, 0, 0],
			"translation": [2.8125, -0.3125, -15.625],
			"scale": [0.76167, 0.76167, 0.76167]
		}
	}
}
