{
	"textures": {
		"particle": "dm:item/missile_turret/missile_turret"
	},
	"elements": [
		{
			"from": [7.58972, 6.76915, 7.58972],
			"to": [8.41028, 9.23085, 8.41028],
			"light_emission": 0,
			"faces": {
				"north": {
					"uv": [0.5625, 0.0625, 0.625, 0.25],
					"texture": "#particle"
				},
				"east": {
					"uv": [0.5, 0.0625, 0.5625, 0.25],
					"texture": "#particle"
				},
				"south": {
					"uv": [0.6875, 0.0625, 0.75, 0.25],
					"texture": "#particle"
				},
				"west": {
					"uv": [0.625, 0.0625, 0.6875, 0.25],
					"texture": "#particle"
				},
				"up": {
					"uv": [0.625, 0.0625, 0.5625, 0],
					"texture": "#particle"
				},
				"down": {
					"uv": [0.6875, 0, 0.625, 0.0625],
					"texture": "#particle"
				}
			}
		}
	],
	"display": {
		"thirdperson_righthand": {
			"rotation": [0, 0, 0],
			"translation": [0, 3.49, 1.94],
			"scale": [0.29248, 0.29248, 0.29248]
		},
		"thirdperson_lefthand": {
			"rotation": [0, 0, 0],
			"translation": [0, 3.49, 1.94],
			"scale": [0.29248, 0.29248, 0.29248]
		},
		"firstperson_righthand": {
			"rotation": [0, 0, 0],
			"translation": [-4, 8.5, 5.5],
			"scale": [0.30467, 0.30467, 0.30467]
		},
		"firstperson_lefthand": {
			"rotation": [0, 0, 0],
			"translation": [-4, 8.5, 5.5],
			"scale": [0.30467, 0.30467, 0.30467]
		},
		"ground": {
			"rotation": [0, 0, 0],
			"translation": [0, 7.375, 1.5],
			"scale": [0.30467, 0.30467, 0.30467]
		},
		"gui": {
			"rotation": [-157.5, 45, -180],
			"translation": [1.32583, 5.76389, 1.8844],
			"scale": [0.38084, 0.38084, 0.38084]
		},
		"head": {
			"rotation": [0, 0, 0],
			"translation": [0, 14.75, 1.5],
			"scale": [0.30467, 0.30467, 0.30467]
		},
		"fixed": {
			"rotation": [-90, 0, 0],
			"translation": [0, 3.75, -21.25],
			"scale": [0.76167, 0.76167, 0.76167]
		}
	}
}
