{
	"textures": {
		"particle": "dm:item/missile_turret/missile_turret"
	},
	"elements": [
		{
			"from": [7.58972, 7.58972, 6.76915],
			"to": [8.41028, 8.41028, 9.23085],
			"light_emission": 0,
			"faces": {
				"north": {
					"uv": [0.9375, 0.1875, 1, 0.25],
					"texture": "#particle"
				},
				"east": {
					"uv": [0.75, 0.1875, 0.9375, 0.25],
					"texture": "#particle"
				},
				"south": {
					"uv": [1.1875, 0.1875, 1.25, 0.25],
					"texture": "#particle"
				},
				"west": {
					"uv": [1, 0.1875, 1.1875, 0.25],
					"texture": "#particle"
				},
				"up": {
					"uv": [1, 0.1875, 0.9375, 0],
					"texture": "#particle"
				},
				"down": {
					"uv": [1.0625, 0, 1, 0.1875],
					"texture": "#particle"
				}
			}
		}
	],
	"display": {
		"thirdperson_righthand": {
			"rotation": [35, 0, 0],
			"translation": [0, 3.91487, 1.71883],
			"scale": [0.29248, 0.29248, 0.29248]
		},
		"thirdperson_lefthand": {
			"rotation": [35, 0, 0],
			"translation": [0, 3.91487, 1.71883],
			"scale": [0.29248, 0.29248, 0.29248]
		},
		"firstperson_righthand": {
			"rotation": [35, 0, 0],
			"translation": [-4, 8.94257, 5.26961],
			"scale": [0.30467, 0.30467, 0.30467]
		},
		"firstperson_lefthand": {
			"rotation": [35, 0, 0],
			"translation": [-4, 8.94257, 5.26961],
			"scale": [0.30467, 0.30467, 0.30467]
		},
		"ground": {
			"rotation": [35, 0, 0],
			"translation": [0, 7.81757, 1.26961],
			"scale": [0.30467, 0.30467, 0.30467]
		},
		"gui": {
			"rotation": [157.78089, 35.39626, -150.16243],
			"translation": [1.12219, 6.19706, 2.28424],
			"scale": [0.38084, 0.38084, 0.38084]
		},
		"head": {
			"rotation": [35, 0, 0],
			"translation": [0, 15.19257, 1.26961],
			"scale": [0.30467, 0.30467, 0.30467]
		},
		"fixed": {
			"rotation": [-55, 0, 0],
			"translation": [0, 3.17403, -22.35642],
			"scale": [0.76167, 0.76167, 0.76167]
		}
	}
}
