{
	"textures": {
		"particle": "dm:item/missile_turret/missile_turret"
	},
	"elements": [
		{
			"from": [5.94859, 6.76915, 7.58972],
			"to": [10.05141, 9.23085, 8.41028],
			"light_emission": 0,
			"faces": {
				"north": {
					"uv": [0.0625, 0.5625, 0.375, 0.75],
					"texture": "#particle"
				},
				"east": {
					"uv": [0, 0.5625, 0.0625, 0.75],
					"texture": "#particle"
				},
				"south": {
					"uv": [0.4375, 0.5625, 0.75, 0.75],
					"texture": "#particle"
				},
				"west": {
					"uv": [0.375, 0.5625, 0.4375, 0.75],
					"texture": "#particle"
				},
				"up": {
					"uv": [0.375, 0.5625, 0.0625, 0.5],
					"texture": "#particle"
				},
				"down": {
					"uv": [0.6875, 0.5, 0.375, 0.5625],
					"texture": "#particle"
				}
			}
		}
	],
	"display": {
		"thirdperson_righthand": {
			"rotation": [35, 0, 0],
			"translation": [0, 3.94928, 1.66968],
			"scale": [0.29248, 0.29248, 0.29248]
		},
		"thirdperson_lefthand": {
			"rotation": [35, 0, 0],
			"translation": [0, 3.94928, 1.66968],
			"scale": [0.29248, 0.29248, 0.29248]
		},
		"firstperson_righthand": {
			"rotation": [35, 0, 0],
			"translation": [-4, 8.97842, 5.21842],
			"scale": [0.30467, 0.30467, 0.30467]
		},
		"firstperson_lefthand": {
			"rotation": [35, 0, 0],
			"translation": [-4, 8.97842, 5.21842],
			"scale": [0.30467, 0.30467, 0.30467]
		},
		"ground": {
			"rotation": [35, 0, 0],
			"translation": [0, 7.85342, 1.21842],
			"scale": [0.30467, 0.30467, 0.30467]
		},
		"gui": {
			"rotation": [157.78089, 35.39626, -150.16243],
			"translation": [1.07694, 6.22115, 2.34319],
			"scale": [0.38084, 0.38084, 0.38084]
		},
		"head": {
			"rotation": [35, 0, 0],
			"translation": [0, 15.22842, 1.21842],
			"scale": [0.30467, 0.30467, 0.30467]
		},
		"fixed": {
			"rotation": [-55, 0, 0],
			"translation": [0, 3.04604, -22.44604],
			"scale": [0.76167, 0.76167, 0.76167]
		}
	}
}
