{
	"textures": {
		"particle": "dm:item/missile_turret/missile_turret"
	},
	"elements": [
		{
			"from": [5.94859, 7.58972, 7.58972],
			"to": [10.05141, 8.41028, 8.41028],
			"light_emission": 0,
			"faces": {
				"north": {
					"uv": [0.0625, 0.3125, 0.375, 0.375],
					"texture": "#particle"
				},
				"east": {
					"uv": [0, 0.3125, 0.0625, 0.375],
					"texture": "#particle"
				},
				"south": {
					"uv": [0.4375, 0.3125, 0.75, 0.375],
					"texture": "#particle"
				},
				"west": {
					"uv": [0.375, 0.3125, 0.4375, 0.375],
					"texture": "#particle"
				},
				"up": {
					"uv": [0.375, 0.3125, 0.0625, 0.25],
					"texture": "#particle"
				},
				"down": {
					"uv": [0.6875, 0.25, 0.375, 0.3125],
					"texture": "#particle"
				}
			}
		}
	],
	"display": {
		"thirdperson_righthand": {
			"rotation": [35, 0, 0],
			"translation": [0, 4.22944, 1.7926],
			"scale": [0.29248, 0.29248, 0.29248]
		},
		"thirdperson_lefthand": {
			"rotation": [35, 0, 0],
			"translation": [0, 4.22944, 1.7926],
			"scale": [0.29248, 0.29248, 0.29248]
		},
		"firstperson_righthand": {
			"rotation": [35, 0, 0],
			"translation": [-4, 9.27025, 5.34646],
			"scale": [0.30467, 0.30467, 0.30467]
		},
		"firstperson_lefthand": {
			"rotation": [35, 0, 0],
			"translation": [-4, 9.27025, 5.34646],
			"scale": [0.30467, 0.30467, 0.30467]
		},
		"ground": {
			"rotation": [35, 0, 0],
			"translation": [0, 8.14525, 1.34646],
			"scale": [0.30467, 0.30467, 0.30467]
		},
		"gui": {
			"rotation": [157.78089, 35.39626, -150.16243],
			"translation": [1.19012, 6.60148, 2.37823],
			"scale": [0.38084, 0.38084, 0.38084]
		},
		"head": {
			"rotation": [35, 0, 0],
			"translation": [0, 15.52025, 1.34646],
			"scale": [0.30467, 0.30467, 0.30467]
		},
		"fixed": {
			"rotation": [-55, 0, 0],
			"translation": [0, 3.36616, -23.17563],
			"scale": [0.76167, 0.76167, 0.76167]
		}
	}
}
