{
	"textures": {
		"particle": "dm:item/missile_turret/missile_turret"
	},
	"elements": [
		{
			"from": [7.17943, 6.76915, -1.84678],
			"to": [8.82057, 9.23085, 17.84678],
			"light_emission": 0,
			"faces": {
				"north": {
					"uv": [1.5, 5.75, 1.625, 5.9375],
					"texture": "#particle"
				},
				"east": {
					"uv": [0, 5.75, 1.5, 5.9375],
					"texture": "#particle"
				},
				"south": {
					"uv": [3.125, 5.75, 3.25, 5.9375],
					"texture": "#particle"
				},
				"west": {
					"uv": [1.625, 5.75, 3.125, 5.9375],
					"texture": "#particle"
				},
				"up": {
					"uv": [1.625, 5.75, 1.5, 4.25],
					"texture": "#particle"
				},
				"down": {
					"uv": [1.75, 4.25, 1.625, 5.75],
					"texture": "#particle"
				}
			}
		}
	],
	"display": {
		"thirdperson_righthand": {
			"rotation": [0, 0, 0],
			"translation": [-2.64, -4.31, 0.5],
			"scale": [0.29248, 0.29248, 0.29248]
		},
		"thirdperson_lefthand": {
			"rotation": [0, 0, 0],
			"translation": [-2.64, -4.31, 0.5],
			"scale": [0.29248, 0.29248, 0.29248]
		},
		"firstperson_righthand": {
			"rotation": [0, 0, 0],
			"translation": [-6.75, 0.375, 4],
			"scale": [0.30467, 0.30467, 0.30467]
		},
		"firstperson_lefthand": {
			"rotation": [0, 0, 0],
			"translation": [-6.75, 0.375, 4],
			"scale": [0.30467, 0.30467, 0.30467]
		},
		"ground": {
			"rotation": [0, 0, 0],
			"translation": [-2.75, -0.75, 0],
			"scale": [0.30467, 0.30467, 0.30467]
		},
		"gui": {
			"rotation": [-157.5, 45, -180],
			"translation": [2.43068, -5.05681, 1.46833],
			"scale": [0.38084, 0.38084, 0.38084]
		},
		"head": {
			"rotation": [0, 0, 0],
			"translation": [-2.75, 6.625, 0],
			"scale": [0.30467, 0.30467, 0.30467]
		},
		"fixed": {
			"rotation": [-90, 0, 0],
			"translation": [-6.875, 0, -0.9375],
			"scale": [0.76167, 0.76167, 0.76167]
		}
	}
}
