{
	"textures": {
		"particle": "dm:item/missile_turret/missile_turret"
	},
	"elements": [
		{
			"from": [1.43548, 7.58972, 1.43548],
			"to": [14.56452, 8.41028, 14.56452],
			"light_emission": 0,
			"faces": {
				"north": {
					"uv": [1, 4.1875, 2, 4.25],
					"texture": "#particle"
				},
				"east": {
					"uv": [0, 4.1875, 1, 4.25],
					"texture": "#particle"
				},
				"south": {
					"uv": [3, 4.1875, 4, 4.25],
					"texture": "#particle"
				},
				"west": {
					"uv": [2, 4.1875, 3, 4.25],
					"texture": "#particle"
				},
				"up": {
					"uv": [2, 4.1875, 1, 3.1875],
					"texture": "#particle"
				},
				"down": {
					"uv": [3, 3.1875, 2, 4.1875],
					"texture": "#particle"
				}
			}
		}
	],
	"display": {
		"thirdperson_righthand": {
			"rotation": [0, 0, 0],
			"translation": [0, -4.07, 0.5],
			"scale": [0.29248, 0.29248, 0.29248]
		},
		"thirdperson_lefthand": {
			"rotation": [0, 0, 0],
			"translation": [0, -4.07, 0.5],
			"scale": [0.29248, 0.29248, 0.29248]
		},
		"firstperson_righthand": {
			"rotation": [0, 0, 0],
			"translation": [-4, 0.625, 4],
			"scale": [0.30467, 0.30467, 0.30467]
		},
		"firstperson_lefthand": {
			"rotation": [0, 0, 0],
			"translation": [-4, 0.625, 4],
			"scale": [0.30467, 0.30467, 0.30467]
		},
		"ground": {
			"rotation": [0, 0, 0],
			"translation": [0, -0.5, 0],
			"scale": [0.30467, 0.30467, 0.30467]
		},
		"gui": {
			"rotation": [-157.5, 45, -180],
			"translation": [0, -3.83792, -0.65774],
			"scale": [0.38084, 0.38084, 0.38084]
		},
		"head": {
			"rotation": [0, 0, 0],
			"translation": [0, 6.875, 0],
			"scale": [0.30467, 0.30467, 0.30467]
		},
		"fixed": {
			"rotation": [-90, 0, 0],
			"translation": [0, 0, -1.5625],
			"scale": [0.76167, 0.76167, 0.76167]
		}
	}
}
