{
	"textures": {
		"particle": "dm:item/flame_turret/flame_turret"
	},
	"elements": [
		{
			"from": [7.20316, 7.20316, 0.43],
			"to": [8.79684, 8.79684, 15.57],
			"light_emission": 0,
			"faces": {
				"north": {
					"uv": [10.375, 6.5, 10.625, 6.75],
					"texture": "#particle"
				},
				"east": {
					"uv": [8, 6.5, 10.375, 6.75],
					"texture": "#particle"
				},
				"south": {
					"uv": [13, 6.5, 13.25, 6.75],
					"texture": "#particle"
				},
				"west": {
					"uv": [10.625, 6.5, 13, 6.75],
					"texture": "#particle"
				},
				"up": {
					"uv": [10.625, 6.5, 10.375, 4.125],
					"texture": "#particle"
				},
				"down": {
					"uv": [10.875, 4.125, 10.625, 6.5],
					"texture": "#particle"
				}
			}
		}
	],
	"display": {
		"thirdperson_righthand": {
			"rotation": [0, 0, 0],
			"translation": [0, -0.25, -3.75],
			"scale": [0.62748, 0.62748, 0.62748]
		},
		"thirdperson_lefthand": {
			"rotation": [0, 0, 0],
			"translation": [0, -0.25, -3.75],
			"scale": [0.62748, 0.62748, 0.62748]
		},
		"firstperson_righthand": {
			"rotation": [0, 0, 0],
			"translation": [-2.5, 5.5, 2.25],
			"scale": [0.62748, 0.62748, 0.62748]
		},
		"firstperson_lefthand": {
			"rotation": [0, 0, 0],
			"translation": [-2.5, 5.5, 2.25],
			"scale": [0.62748, 0.62748, 0.62748]
		},
		"ground": {
			"rotation": [0, 0, 0],
			"translation": [0, 0.375, -4.375],
			"scale": [0.31374, 0.31374, 0.31374]
		},
		"gui": {
			"rotation": [-150, 39.375, -180],
			"translation": [0.39812, 1.51244, 17.21532],
			"scale": [1.25495, 1.25495, 1.25495]
		},
		"head": {
			"rotation": [0, 0, -180],
			"translation": [0, 5.75, -10.25],
			"scale": [0.62748, 0.62748, 0.62748]
		},
		"fixed": {
			"rotation": [0, 0, 0],
			"translation": [0, 0, -9.5],
			"scale": [1.25495, 1.25495, 1.25495]
		}
	}
}
