{
	"textures": {
		"particle": "dm:item/flame_turret/flame_turret"
	},
	"elements": [
		{
			"from": [7.60158, 6.80474, 7.60158],
			"to": [8.39842, 9.19526, 8.39842],
			"light_emission": 0,
			"faces": {
				"north": {
					"uv": [6.625, 12.125, 6.75, 12.5],
					"texture": "#particle"
				},
				"east": {
					"uv": [6.5, 12.125, 6.625, 12.5],
					"texture": "#particle"
				},
				"south": {
					"uv": [6.875, 12.125, 7, 12.5],
					"texture": "#particle"
				},
				"west": {
					"uv": [6.75, 12.125, 6.875, 12.5],
					"texture": "#particle"
				},
				"up": {
					"uv": [6.75, 12.125, 6.625, 12],
					"texture": "#particle"
				},
				"down": {
					"uv": [6.875, 12, 6.75, 12.125],
					"texture": "#particle"
				}
			}
		}
	],
	"display": {
		"thirdperson_righthand": {
			"rotation": [-60, 0, 0],
			"translation": [0, -2.0625, -9.29127],
			"scale": [0.62748, 0.62748, 0.62748]
		},
		"thirdperson_lefthand": {
			"rotation": [-60, 0, 0],
			"translation": [0, -2.0625, -9.29127],
			"scale": [0.62748, 0.62748, 0.62748]
		},
		"firstperson_righthand": {
			"rotation": [-60, 0, 0],
			"translation": [-2.5, 3.6875, -3.29127],
			"scale": [0.62748, 0.62748, 0.62748]
		},
		"firstperson_lefthand": {
			"rotation": [-60, 0, 0],
			"translation": [-2.5, 3.6875, -3.29127],
			"scale": [0.62748, 0.62748, 0.62748]
		},
		"ground": {
			"rotation": [-60, 0, 0],
			"translation": [0, -0.53125, -7.14563],
			"scale": [0.31374, 0.31374, 0.31374]
		},
		"gui": {
			"rotation": [-84.0511, 18.49347, 144.5975],
			"translation": [-6.63257, -5.91036, 22.82198],
			"scale": [1.25495, 1.25495, 1.25495]
		},
		"head": {
			"rotation": [60, 0, -180],
			"translation": [0, 7.5625, -15.79127],
			"scale": [0.62748, 0.62748, 0.62748]
		},
		"fixed": {
			"rotation": [-60, 0, 0],
			"translation": [0, -3.625, -20.58253],
			"scale": [1.25495, 1.25495, 1.25495]
		}
	}
}
