{
	"textures": {
		"particle": "dm:item/missile_turret/missile_turret"
	},
	"elements": [
		{
			"from": [6.35887, 7.17943, -0.20565],
			"to": [9.64113, 8.82057, 16.20565],
			"light_emission": 0,
			"faces": {
				"north": {
					"uv": [7.75, 5.5, 8, 5.625],
					"texture": "#particle"
				},
				"east": {
					"uv": [6.5, 5.5, 7.75, 5.625],
					"texture": "#particle"
				},
				"south": {
					"uv": [9.25, 5.5, 9.5, 5.625],
					"texture": "#particle"
				},
				"west": {
					"uv": [8, 5.5, 9.25, 5.625],
					"texture": "#particle"
				},
				"up": {
					"uv": [8, 5.5, 7.75, 4.25],
					"texture": "#particle"
				},
				"down": {
					"uv": [8.25, 4.25, 8, 5.5],
					"texture": "#particle"
				}
			}
		}
	],
	"display": {
		"thirdperson_righthand": {
			"rotation": [0, 0, 0],
			"translation": [3.36, -4.43, 0.5],
			"scale": [0.29248, 0.29248, 0.29248]
		},
		"thirdperson_lefthand": {
			"rotation": [0, 0, 0],
			"translation": [3.36, -4.43, 0.5],
			"scale": [0.29248, 0.29248, 0.29248]
		},
		"firstperson_righthand": {
			"rotation": [0, 0, 0],
			"translation": [-0.5, 0.25, 4],
			"scale": [0.30467, 0.30467, 0.30467]
		},
		"firstperson_lefthand": {
			"rotation": [0, 0, 0],
			"translation": [-0.5, 0.25, 4],
			"scale": [0.30467, 0.30467, 0.30467]
		},
		"ground": {
			"rotation": [0, 0, 0],
			"translation": [3.5, -0.875, 0],
			"scale": [0.30467, 0.30467, 0.30467]
		},
		"gui": {
			"rotation": [-157.5, 45, -180],
			"translation": [-3.09359, -3.08712, -3.69523],
			"scale": [0.38084, 0.38084, 0.38084]
		},
		"head": {
			"rotation": [0, 0, 0],
			"translation": [3.5, 6.5, 0],
			"scale": [0.30467, 0.30467, 0.30467]
		},
		"fixed": {
			"rotation": [-90, 0, 0],
			"translation": [8.75, 0, -0.625],
			"scale": [0.76167, 0.76167, 0.76167]
		}
	}
}
