{
	"textures": {
		"particle": "dm:item/missile_turret/missile_turret"
	},
	"elements": [
		{
			"from": [7.17943, 4.71774, 6.35887],
			"to": [8.82057, 11.28226, 9.64113],
			"light_emission": 0,
			"faces": {
				"north": {
					"uv": [3, 8.25, 3.125, 8.75],
					"texture": "#particle"
				},
				"east": {
					"uv": [2.75, 8.25, 3, 8.75],
					"texture": "#particle"
				},
				"south": {
					"uv": [3.375, 8.25, 3.5, 8.75],
					"texture": "#particle"
				},
				"west": {
					"uv": [3.125, 8.25, 3.375, 8.75],
					"texture": "#particle"
				},
				"up": {
					"uv": [3.125, 8.25, 3, 8],
					"texture": "#particle"
				},
				"down": {
					"uv": [3.25, 8, 3.125, 8.25],
					"texture": "#particle"
				}
			}
		}
	],
	"display": {
		"thirdperson_righthand": {
			"rotation": [0, 0, 0],
			"translation": [1.70912, 0.87912, 0.5],
			"scale": [0.29248, 0.29248, 0.29248]
		},
		"thirdperson_lefthand": {
			"rotation": [0, 0, 0],
			"translation": [1.70912, 0.87912, 0.5],
			"scale": [0.29248, 0.29248, 0.29248]
		},
		"firstperson_righthand": {
			"rotation": [0, 0, 0],
			"translation": [-2.21967, 5.78033, 4],
			"scale": [0.30467, 0.30467, 0.30467]
		},
		"firstperson_lefthand": {
			"rotation": [0, 0, 0],
			"translation": [-2.21967, 5.78033, 4],
			"scale": [0.30467, 0.30467, 0.30467]
		},
		"ground": {
			"rotation": [0, 0, 0],
			"translation": [1.78033, 4.65533, 0],
			"scale": [0.30467, 0.30467, 0.30467]
		},
		"gui": {
			"rotation": [-157.5, 45, -180],
			"translation": [-1.5736, 2.7179, 0.35452],
			"scale": [0.38084, 0.38084, 0.38084]
		},
		"head": {
			"rotation": [0, 0, 0],
			"translation": [1.78033, 12.03033, 0],
			"scale": [0.30467, 0.30467, 0.30467]
		},
		"fixed": {
			"rotation": [-90, 0, 0],
			"translation": [4.45083, 0, -14.45082],
			"scale": [0.76167, 0.76167, 0.76167]
		}
	}
}
