{
	"textures": {
		"particle": "dm:item/missile_turret/missile_turret"
	},
	"elements": [
		{
			"from": [4.71774, 7.17943, -0.61594],
			"to": [11.28226, 8.82057, 16.61594],
			"light_emission": 0,
			"faces": {
				"north": {
					"uv": [5.3125, 4.125, 5.8125, 4.25],
					"texture": "#particle"
				},
				"east": {
					"uv": [4, 4.125, 5.3125, 4.25],
					"texture": "#particle"
				},
				"south": {
					"uv": [7.125, 4.125, 7.625, 4.25],
					"texture": "#particle"
				},
				"west": {
					"uv": [5.8125, 4.125, 7.125, 4.25],
					"texture": "#particle"
				},
				"up": {
					"uv": [5.8125, 4.125, 5.3125, 2.8125],
					"texture": "#particle"
				},
				"down": {
					"uv": [6.3125, 2.8125, 5.8125, 4.125],
					"texture": "#particle"
				}
			}
		}
	],
	"display": {
		"thirdperson_righthand": {
			"rotation": [0, 0, 0],
			"translation": [0, 2.77, 0.38],
			"scale": [0.29248, 0.29248, 0.29248]
		},
		"thirdperson_lefthand": {
			"rotation": [0, 0, 0],
			"translation": [0, 2.77, 0.38],
			"scale": [0.29248, 0.29248, 0.29248]
		},
		"firstperson_righthand": {
			"rotation": [0, 0, 0],
			"translation": [-4, 7.75, 3.875],
			"scale": [0.30467, 0.30467, 0.30467]
		},
		"firstperson_lefthand": {
			"rotation": [0, 0, 0],
			"translation": [-4, 7.75, 3.875],
			"scale": [0.30467, 0.30467, 0.30467]
		},
		"ground": {
			"rotation": [0, 0, 0],
			"translation": [0, 6.625, -0.125],
			"scale": [0.30467, 0.30467, 0.30467]
		},
		"gui": {
			"rotation": [-157.5, 45, -180],
			"translation": [-0.11049, 4.3481, 2.85261],
			"scale": [0.38084, 0.38084, 0.38084]
		},
		"head": {
			"rotation": [0, 0, 0],
			"translation": [0, 14, -0.125],
			"scale": [0.30467, 0.30467, 0.30467]
		},
		"fixed": {
			"rotation": [-90, 0, 0],
			"translation": [0, -0.3125, -19.375],
			"scale": [0.76167, 0.76167, 0.76167]
		}
	}
}
