{
	"textures": {
		"particle": "dm:item/missile_turret/missile_turret"
	},
	"elements": [
		{
			"from": [7.58972, 5.5383, 5.5383],
			"to": [8.41028, 10.4617, 10.4617],
			"light_emission": 0,
			"faces": {
				"north": {
					"uv": [2.25, 8.375, 2.3125, 8.75],
					"texture": "#particle"
				},
				"east": {
					"uv": [1.875, 8.375, 2.25, 8.75],
					"texture": "#particle"
				},
				"south": {
					"uv": [2.6875, 8.375, 2.75, 8.75],
					"texture": "#particle"
				},
				"west": {
					"uv": [2.3125, 8.375, 2.6875, 8.75],
					"texture": "#particle"
				},
				"up": {
					"uv": [2.3125, 8.375, 2.25, 8],
					"texture": "#particle"
				},
				"down": {
					"uv": [2.375, 8, 2.3125, 8.375],
					"texture": "#particle"
				}
			}
		}
	],
	"display": {
		"thirdperson_righthand": {
			"rotation": [0, 0, 0],
			"translation": [-1.344, 1.33, 0.5],
			"scale": [0.29248, 0.29248, 0.29248]
		},
		"thirdperson_lefthand": {
			"rotation": [0, 0, 0],
			"translation": [-1.344, 1.33, 0.5],
			"scale": [0.29248, 0.29248, 0.29248]
		},
		"firstperson_righthand": {
			"rotation": [0, 0, 0],
			"translation": [-5.4, 6.25, 4],
			"scale": [0.30467, 0.30467, 0.30467]
		},
		"firstperson_lefthand": {
			"rotation": [0, 0, 0],
			"translation": [-5.4, 6.25, 4],
			"scale": [0.30467, 0.30467, 0.30467]
		},
		"ground": {
			"rotation": [0, 0, 0],
			"translation": [-1.4, 5.125, 0],
			"scale": [0.30467, 0.30467, 0.30467]
		},
		"gui": {
			"rotation": [-157.5, 45, -180],
			"translation": [1.23744, 2.18456, 3.17625],
			"scale": [0.38084, 0.38084, 0.38084]
		},
		"head": {
			"rotation": [0, 0, 0],
			"translation": [-1.4, 12.5, 0],
			"scale": [0.30467, 0.30467, 0.30467]
		},
		"fixed": {
			"rotation": [-90, 0, 0],
			"translation": [-3.5, 0, -15.625],
			"scale": [0.76167, 0.76167, 0.76167]
		}
	}
}
