{
	"textures": {
		"particle": "dm:item/missile_turret/missile_turret"
	},
	"elements": [
		{
			"from": [7.58972, 3.89717, -0.61594],
			"to": [8.41028, 12.10283, 16.61594],
			"light_emission": 0,
			"faces": {
				"north": {
					"uv": [8.3125, 1.3125, 8.375, 1.9375],
					"texture": "#particle"
				},
				"east": {
					"uv": [7, 1.3125, 8.3125, 1.9375],
					"texture": "#particle"
				},
				"south": {
					"uv": [9.6875, 1.3125, 9.75, 1.9375],
					"texture": "#particle"
				},
				"west": {
					"uv": [8.375, 1.3125, 9.6875, 1.9375],
					"texture": "#particle"
				},
				"up": {
					"uv": [8.375, 1.3125, 8.3125, 0],
					"texture": "#particle"
				},
				"down": {
					"uv": [8.4375, 0, 8.375, 1.3125],
					"texture": "#particle"
				}
			}
		}
	],
	"display": {
		"thirdperson_righthand": {
			"rotation": [0, 0, 0],
			"translation": [1.32, 1.33, 0.38],
			"scale": [0.29248, 0.29248, 0.29248]
		},
		"thirdperson_lefthand": {
			"rotation": [0, 0, 0],
			"translation": [1.32, 1.33, 0.38],
			"scale": [0.29248, 0.29248, 0.29248]
		},
		"firstperson_righthand": {
			"rotation": [0, 0, 0],
			"translation": [-2.625, 6.25, 3.875],
			"scale": [0.30467, 0.30467, 0.30467]
		},
		"firstperson_lefthand": {
			"rotation": [0, 0, 0],
			"translation": [-2.625, 6.25, 3.875],
			"scale": [0.30467, 0.30467, 0.30467]
		},
		"ground": {
			"rotation": [0, 0, 0],
			"translation": [1.375, 5.125, -0.125],
			"scale": [0.30467, 0.30467, 0.30467]
		},
		"gui": {
			"rotation": [-157.5, 45, -180],
			"translation": [-1.32583, 3.08092, 1.01225],
			"scale": [0.38084, 0.38084, 0.38084]
		},
		"head": {
			"rotation": [0, 0, 0],
			"translation": [1.375, 12.5, -0.125],
			"scale": [0.30467, 0.30467, 0.30467]
		},
		"fixed": {
			"rotation": [-90, 0, 0],
			"translation": [3.4375, -0.3125, -15.625],
			"scale": [0.76167, 0.76167, 0.76167]
		}
	}
}
