{
	"textures": {
		"particle": "dm:item/missile_turret/missile_turret"
	},
	"elements": [
		{
			"from": [-0.20565, 7.17943, 6.35887],
			"to": [16.20565, 8.82057, 9.64113],
			"light_emission": 0,
			"faces": {
				"north": {
					"uv": [7.875, 3.9375, 9.125, 4.0625],
					"texture": "#particle"
				},
				"east": {
					"uv": [7.625, 3.9375, 7.875, 4.0625],
					"texture": "#particle"
				},
				"south": {
					"uv": [9.375, 3.9375, 10.625, 4.0625],
					"texture": "#particle"
				},
				"west": {
					"uv": [9.125, 3.9375, 9.375, 4.0625],
					"texture": "#particle"
				},
				"up": {
					"uv": [9.125, 3.9375, 7.875, 3.6875],
					"texture": "#particle"
				},
				"down": {
					"uv": [10.375, 3.6875, 9.125, 3.9375],
					"texture": "#particle"
				}
			}
		}
	],
	"display": {
		"thirdperson_righthand": {
			"rotation": [0, 0, 0],
			"translation": [0, -4.43, -2.86],
			"scale": [0.29248, 0.29248, 0.29248]
		},
		"thirdperson_lefthand": {
			"rotation": [0, 0, 0],
			"translation": [0, -4.43, -2.86],
			"scale": [0.29248, 0.29248, 0.29248]
		},
		"firstperson_righthand": {
			"rotation": [0, 0, 0],
			"translation": [-4, 0.25, 0.5],
			"scale": [0.30467, 0.30467, 0.30467]
		},
		"firstperson_lefthand": {
			"rotation": [0, 0, 0],
			"translation": [-4, 0.25, 0.5],
			"scale": [0.30467, 0.30467, 0.30467]
		},
		"ground": {
			"rotation": [0, 0, 0],
			"translation": [0, -0.875, -3.5],
			"scale": [0.30467, 0.30467, 0.30467]
		},
		"gui": {
			"rotation": [-157.5, 45, -180],
			"translation": [-3.09359, -5.45485, 2.02099],
			"scale": [0.38084, 0.38084, 0.38084]
		},
		"head": {
			"rotation": [0, 0, 0],
			"translation": [0, 6.5, -3.5],
			"scale": [0.30467, 0.30467, 0.30467]
		},
		"fixed": {
			"rotation": [-90, 0, 0],
			"translation": [0, -8.75, -0.625],
			"scale": [0.76167, 0.76167, 0.76167]
		}
	}
}
