{
	"textures": {
		"particle": "dm:item/missile_turret/missile_turret"
	},
	"elements": [
		{
			"from": [7.58972, 6.76915, 7.58972],
			"to": [8.41028, 9.23085, 8.41028],
			"light_emission": 0,
			"faces": {
				"north": {
					"uv": [0.3125, 0.0625, 0.375, 0.25],
					"texture": "#particle"
				},
				"east": {
					"uv": [0.25, 0.0625, 0.3125, 0.25],
					"texture": "#particle"
				},
				"south": {
					"uv": [0.4375, 0.0625, 0.5, 0.25],
					"texture": "#particle"
				},
				"west": {
					"uv": [0.375, 0.0625, 0.4375, 0.25],
					"texture": "#particle"
				},
				"up": {
					"uv": [0.375, 0.0625, 0.3125, 0],
					"texture": "#particle"
				},
				"down": {
					"uv": [0.4375, 0, 0.375, 0.0625],
					"texture": "#particle"
				}
			}
		}
	],
	"display": {
		"thirdperson_righthand": {
			"rotation": [35, 0, 0],
			"translation": [0.54, 3.98369, 1.62053],
			"scale": [0.29248, 0.29248, 0.29248]
		},
		"thirdperson_lefthand": {
			"rotation": [35, 0, 0],
			"translation": [0.54, 3.98369, 1.62053],
			"scale": [0.29248, 0.29248, 0.29248]
		},
		"firstperson_righthand": {
			"rotation": [35, 0, 0],
			"translation": [-3.4375, 9.01427, 5.16722],
			"scale": [0.30467, 0.30467, 0.30467]
		},
		"firstperson_lefthand": {
			"rotation": [35, 0, 0],
			"translation": [-3.4375, 9.01427, 5.16722],
			"scale": [0.30467, 0.30467, 0.30467]
		},
		"ground": {
			"rotation": [35, 0, 0],
			"translation": [0.5625, 7.88927, 1.16722],
			"scale": [0.30467, 0.30467, 0.30467]
		},
		"gui": {
			"rotation": [157.78089, 35.39626, -150.16243],
			"translation": [0.5345, 6.43549, 1.94281],
			"scale": [0.38084, 0.38084, 0.38084]
		},
		"head": {
			"rotation": [35, 0, 0],
			"translation": [0.5625, 15.26427, 1.16722],
			"scale": [0.30467, 0.30467, 0.30467]
		},
		"fixed": {
			"rotation": [-55, 0, 0],
			"translation": [1.40625, 2.91805, -22.53566],
			"scale": [0.76167, 0.76167, 0.76167]
		}
	}
}
