{
	"textures": {
		"particle": "dm:item/missile_turret/missile_turret"
	},
	"elements": [
		{
			"from": [-0.20565, 6.76915, 7.17943],
			"to": [16.20565, 9.23085, 8.82057],
			"light_emission": 0,
			"faces": {
				"north": {
					"uv": [6.625, 5.75, 7.875, 5.9375],
					"texture": "#particle"
				},
				"east": {
					"uv": [6.5, 5.75, 6.625, 5.9375],
					"texture": "#particle"
				},
				"south": {
					"uv": [8, 5.75, 9.25, 5.9375],
					"texture": "#particle"
				},
				"west": {
					"uv": [7.875, 5.75, 8, 5.9375],
					"texture": "#particle"
				},
				"up": {
					"uv": [7.875, 5.75, 6.625, 5.625],
					"texture": "#particle"
				},
				"down": {
					"uv": [9.125, 5.625, 7.875, 5.75],
					"texture": "#particle"
				}
			}
		}
	],
	"display": {
		"thirdperson_righthand": {
			"rotation": [0, 0, 0],
			"translation": [0, -4.31, 3.14],
			"scale": [0.29248, 0.29248, 0.29248]
		},
		"thirdperson_lefthand": {
			"rotation": [0, 0, 0],
			"translation": [0, -4.31, 3.14],
			"scale": [0.29248, 0.29248, 0.29248]
		},
		"firstperson_righthand": {
			"rotation": [0, 0, 0],
			"translation": [-4, 0.375, 6.75],
			"scale": [0.30467, 0.30467, 0.30467]
		},
		"firstperson_lefthand": {
			"rotation": [0, 0, 0],
			"translation": [-4, 0.375, 6.75],
			"scale": [0.30467, 0.30467, 0.30467]
		},
		"ground": {
			"rotation": [0, 0, 0],
			"translation": [0, -0.75, 2.75],
			"scale": [0.30467, 0.30467, 0.30467]
		},
		"gui": {
			"rotation": [-157.5, 45, -180],
			"translation": [2.43068, -3.19645, -3.02298],
			"scale": [0.38084, 0.38084, 0.38084]
		},
		"head": {
			"rotation": [0, 0, 0],
			"translation": [0, 6.625, 2.75],
			"scale": [0.30467, 0.30467, 0.30467]
		},
		"fixed": {
			"rotation": [-90, 0, 0],
			"translation": [0, 6.875, -0.9375],
			"scale": [0.76167, 0.76167, 0.76167]
		}
	}
}
